heading,content
"Man Arrested For Kidnapping, Raping Friend's 8-Year-Old Daughter: Cops","A man was arrested today for allegedly abducting and raping his friend's 8-year-old daughter in Barwani district in Madhya Pradesh, a police official said."
"Expected A ""Unanimous Decision"": Asaduddin Owaisi On Hijab Row",The All India Majlis-e-Ittehadul Muslimeen (AIMIM) Chief Asaduddin Owaisi on Thursday said he was expecting a unanimous judgment from the Supreme Court on the Karnataka hijab ban issue.
"""Chhagan Bhujbal Would Have Become CM If..."": Uddhav Thackeray",Shiv Sena president Uddhav Thackeray on Thursday said senior Nationalist Congress Party leader Chhagan Bhujbal would have become the chief minister of Maharashtra had he not quit the Sena.
,
"Shaheen Bhatt Reacts To Rumours About Alia's Pregnancy Before Marriage: ""It Is Her Journey""","""You can never really please everybody,"" she said"
Russia Says Its Goals In Ukraine May Be Achieved Through Talks: Report,"The Kremlin was quoted as saying on Thursday that the goals of its ""special military operation"" in Ukraine are unchanged, but that they may be achieved through negotiations."
Delegation From Nepal On Three-Day Visit To Delhi Government Schools,"The delegates took note of several activities in the schools, including the 'Deshbhakti', International Baccalaureate (IB), mindset curriculums and others."
,
"Pair Of Levi's Jeans From 1880s Sells For $76,000 At An Auction In New Mexico: Report","Vintage Levi's jeans found in in an abandoned mineshaft in the American West fetch $76,000 at auction."
Delhi Government School Teachers Working To Improve Society: Manish Sisodia,"""A teacher has the ability to bring 360-degree change in society and lays the foundation of the country. The teachers work to improve society through their knowledge and values,"" said Manish Sisodia"
"""India Cannot And Should Not Rely On Defence Imports"", Says Rajnath Singh","India cannot and should not rely on imports of military hardware and the government is committed to achieve self-reliance in defence production to remain prepared to deal with any future security challenges, Defence Minister Rajnath Singh said."
"""Plays Like MS Dhoni But..."": Saeed Ajmal Criticises Pakistan Star Citing Ex-India Captain's Example","Saeed Ajmal, former Pakistan spinner, criticised the team's middle order and made a special note about Iftikhar Ahmed"
"""Women's Panel Abused Me In Office"": AAP Gujarat Chief To NDTV",Gopal Italia was briefly detained by the police from the NCW building after being summoned for questioning about a four-year-old video.
"Flipkart Big Diwali Sale 2022: Top Deals on Smart TVs, Home Appliances","Flipkart Big Diwali Sale is underway, and the e-commerce platform is offering several deals and discounts across a range of products. During the ongoing festive season sale, you can buy smart TVs and home appliances at discounted rates. Here are some of the best deals you can avail during the ongoing Flipkart Big Diwali 2022 sale."
When Chinese Protesters Came Up Against Xi Jinping's Security Machine,"A crowd of about 1,000 people, many waving Chinese flags, rallied outside the Zhengzhou branch of the central bank for several hours before the protest was violently broken up by security personnel in scenes that went viral online."
"Katrina Kaif Reveals It's ""Fantastic"" To Work With Salman Khan Again In Tiger 3",Katrina Kaif and Salman Khan's Tiger 3 will release next year
IIT JAM 2023: Registration Last Date Tomorrow; Guidelines To Apply,The JAM 2023 exam registration will end tomorrow. Check the important guidelines to fill out the application form in the JOAPS portal.
"Google Pixel 7 Pro Becomes Top-Ranked Camera Phone on DxOMark, Surpasses iPhone 14 Pro","Google Pixel 7 Pro has undergone the DxOMark camera test and has achieved an overall score of 147 points. The Pixel 7 Pro has been ranked first in the smartphone category alongside Honor Magic 4 Ultimate, just above the iPhone 14 Pro."
"Tiger Still Inside The Bhopal College For 11th Day, Pugmarks Spotted",The presence of a tiger on the sprawling 65-acre campus of the prestigious Maulana Azad National Institute of Technology (MANIT) in Bhopal in Madhya Pradesh entered the 11th day today.
Supreme Court Refuses Urgent Hearing On Plea Against Firecracker Ban In Delhi,"The Supreme Court today refused to accord urgent hearing to a plea against an order banning storage, sale, and use of all types of firecrackers in the national capital till January 1, 2023."
,
"""Get Rid Of Colonial Mindset"": Karnataka BJP Leader Defends Hindi Promotion",BJP leader C T Ravi on Thursday said there is nothing wrong in encouraging Hindi and regional languages instead of English and claimed that the Narendra Modi-led government has been promoting mother tongues in different parts of the country.
India Initiates Anti-Dumping Probe Over Chinese Glass Import,India has initiated an anti-dumping probe into import of Chinese glass used in home appliances products following a complaint by a domestic player.
"Kareena Kapoor Is ""Off To Work"" With Her ""Boy"" Jeh Ali Khan. See Pics","""A quick pose before we leave,"" she wrote"
,
Transgenders Entitled To Special Quota For Third Gender: Madras High Court,"The Madras High Court has held without ""hesitation"" that transgenders are entitled to a special reservation for third gender viz., transgender category for admission to post basic (nursing) and post basic diploma in psychiatry nursing courses."
PM Modi Launches Rural Roads Scheme In Himachal Pradesh,"Prime Minister Narendra Modi today launched the Pradhan Mantri Gram Sadak Yojana-III in Himachal Pradesh to upgrade 3,125 km of rural roads, saying the government wants to build roads in every village of the state."
21 Jamia Millia Islamia Researchers In Stanford University’s Global List Of Top 2 Per Cent Scientists,Prof Ankan Sen and Prof Amir Azam are only on the career-long top 2 per cent of scientists in the list
Supreme Court To Hear Pleas Challenging Electoral Bond Scheme Tomorrow,The Supreme Court is scheduled to hear tomorrow a batch of pleas challenging laws permitting funding of political parties through the electoral bond scheme.
"David Warner's Captaincy Ban May Be Revoked, In Likely Contention For ODI Leadership: Report","David Warner was handed a leadership ban following the infamous 2018 ball-tampering scandal, but has been looked upon as a possible candidate for Australia's vacant ODI captain's post"
"Kerala Killer's Facebook Posts Just Days After Women's Torture, Murder","Bhagaval Singh, one of the three persons in Kerala accused of torturing and killing two women and possibly eating their flesh in ""human sacrifice"", often posted poetry on Facebook, and described himself as ""self-employed in alternative medicine""."
"How Can There Be Pre-Screening Committee For Web Series, Asks Supreme Court","Observing it always felt pre-censorship is impermissible, the Supreme Court Thursday wondered how can there be a pre-screening committee for web series, films or other programmes which are directly released on online platforms."
How A Tattoo Helped A 75-Year-Old Maharashtra Man Reunite With His Family,A 75-year-old man found in a paralysed condition in Mumbai's Santacruz East area was reunited with his family after functionaries of a social group managed to locate through an online search.
"15 Kg Gold Worth Rs 8 Crore, Foreign Currency Seized at Mumbai Airport, 7 Arrested",Mumbai Airport customs seized 15 kgs of gold valued at Rs 7.87 crore in four cases and foreign currency worth Rs 22 lakh in two different cases.
"Kerala Killer's Facebook Posts Just Days After Women's Torture, Murder","Bhagaval Singh, one of the three persons in Kerala accused of torturing and killing two women and possibly eating their flesh in ""human sacrifice"", often posted poetry on Facebook, and described himself as ""self-employed in alternative medicine""."
"How Can There Be Pre-Screening Committee For Web Series, Asks Supreme Court","Observing it always felt pre-censorship is impermissible, the Supreme Court Thursday wondered how can there be a pre-screening committee for web series, films or other programmes which are directly released on online platforms."
How A Tattoo Helped A 75-Year-Old Maharashtra Man Reunite With His Family,A 75-year-old man found in a paralysed condition in Mumbai's Santacruz East area was reunited with his family after functionaries of a social group managed to locate through an online search.
,
"15 Kg Gold Worth Rs 8 Crore, Foreign Currency Seized at Mumbai Airport, 7 Arrested",Mumbai Airport customs seized 15 kgs of gold valued at Rs 7.87 crore in four cases and foreign currency worth Rs 22 lakh in two different cases.
"Google Password Manager Gets Passkey Support for Android, Chrome",Google is bringing passkeys to Google Password Manager on Android and Chrome. This feature is currently only available to developers via Google Play Services beta and Chrome Canary.
Karwa Chauth 2022: Sanjay Kapoor Carries The Sieve For Wife Maheep. Aww...,"""Happy Karwa Chauth Maheep Kapoor,"" wrote Sanjay"
,
CAT 2022: Top Colleges In India Other Than IIMs Accepting CAT Score,Check the list of top management colleges in India accepting CAT 2022 scores other than IIMs.
"Future iPad May Adopt Hybrid OLED Display, Apple Said to Be Working With Taiwan SMT: Report","Apple's future iPad models are said to come equipped with OLED screens. According to a new report, Taiwan SMT has entered into Apple's supply chain for the implementation of hybrid OLED displays in the iPad Pro. Apple is reportedly working with Samsung and LG to develop the displays."
"Karwa Chauth 2022: Shilpa Shetty, Raveena Tandon, Maheep Kapoor And Others At Sunita Kapoor's House",Sunita Kapoor hosted Karwa Chauth celebrations at her house
"MHT CET Counselling 2022: Final Merit List For 5-Year LLB Programme Released, How To Check",MHT CET Counselling 2022: Candidates can check and download the merit list on the official website- llb5cap22.mahacet.org. The MHT CET will release the round one allocation list on October 15
"Stablecoin Usage in Russia Rises Exponentially After Ukraine Invasion, Here's Why","Russia’s cryptocurrency transactions, both in crypto-to-crypto and crypto-to-fiat currency, surged in March following the Ukraine invasion, reveals a Chainalysis report."
"""Best Car In The World Is Left In Garage"": Brett Lee On India Star Not Being Part Of T20 World Cup",Former Australia pacer Brett Lee feels Umran Malik should've been included in India's squad for the showpiece event
Binance UK Subsidiary Shareholder Claims Exchange Filed 'Grossly Inaccurate' Statements in 2020,"The co-owner of Dimplex, a Binance UK subsidiary, has accused the biggest cryptocurrency exchange in the world of releasing a ""grossly misleading"" annual report in 2020."
Shaheen Afridi Is 90 Per Cent Ready For T20 World Cup: Pakistan Cricket Board Chief Ramiz Raja,Shaheen Afridi is set to join the national team in Australia on Saturday after completing his rehabilitation programme for a knee injury under the supervision of the PCB Medical Advisory Committee
Asset Tokenisation: Here’s What We Know About It,"Asset tokenisation is the process of creating digital units of a physical or virtual property that is held on blockchain networks. They may be exotic ones like sports teams, artworks, and celeb merchandises as well as traditional assets like binds, commodities, capital funds, and real estate. Tokenising an asset can increase the liquidity of the assets."
"Pooja Hegde Cuts Three Birthday Cakes With Salman Khan, See Pics","Pooja Hegde celebrated her 32nd birthday with Salman Khan, and she cut not one or two but three delicious cakes."
"Dune: Part Two Release Date Moved Up Two Weeks to November 3, 2023","Dune: Part Two is hitting theatres two weeks earlier than originally planned. Warner Bros. has brought forward the release date for its Dune sequel from November 17 to November 3, 2023. The news comes in the wake of Marvel Studios postponing its Blade movie to 2024, thereby vacating the early November window."
Watch: Mohamed Salah Soars Back To Form With 'Record Breaking' Hat-Trick Against Rangers In Uefa Champions League,Liverpool forward Mohamed Salah scored the fastest hat-trick in the Champions League history as he bagged three goals against Rangers in just 6 minutes in 12 seconds.
,
"Metaverse Could Accelerate Manufacturing, Social Ills: How Boeing, Tinder Are Approaching Virtual Reality","The metaverse, the hypothetical concept of the Internet as a virtual world, could come with the potential of accelerating manufacturing as well as social ills. While companies like Boeing are looking to digital technology to accelerate production of new aircraft, other firms like Tinder said that it is taking a wait-and-see approach to the metaverse."
"Women's Asia Cup: Sri Lanka Steal 1-Run Win Against Pakistan, Sets Up Title Clash Against India","Pakistan's chase started with a bang after the opening pair of Muneeba Ali and Sidra Ameen walked out to chase the Sri Lankan total, with Ali being the aggressor of the two."
Skincare: 5 Reasons You Should Add Hyaluronic Acid To Your Skincare Routine & How To Use It,"Skincare Tips: In this article, we discuss 5 reasons why you should add hyaluronic acid to your skincare routine right away."
,
"Bihar Board Declares ITI Language Exam Result 2022, How To Check",BSEB ITI Language Exam Result 2022: The students who have appeared for the exam can check the result on the official website- secondary.biharboardonline.com. The ITI Language exam was earlier held in July
How To Make Achaari Chicken Cutlet Sandwich,Love chicken sandwiches? Here we bring you a lip-smacking achaari chicken cutlet sandwich recipe to try at home.
How To Make Kashmiri Chicken Masala For An Indulgent Weekend Dinner,"Adding to the list, here we bring you a delicious Kashmiri-style chicken recipe that makes for a perfect weekend dinner spread."
iQoo Z6 Lite 5G Review: Impressive Performance but With a Few Compromises,"The iQoo Z6 Lite 5G is another entrant in the sub-Rs. 15,000 price segment. It aims to offer best-in-class performance with the Snapdragon 4 Gen 1 SoC. There is also a 120Hz display, a 50-megapixel dual-camera setup and a 5000mAh battery. The phone skips a few features to keep the prices low."
"Droupadi Murmu Inaugurates, Lays Foundation For Several Projects From IIT Guwahati",President Droupadi Murmu is on a two-day visit to Assam. She virtually inaugurated and laid the foundation stones for various projects of the state.
Juventus' Angel Di Maria Out For Three Weeks With Hamstring Injury,Angel Di Maria was substituted 23 minutes into Juve's shock 2-0 defeat in Israel which left them on the brink of elimination from the Champions League
"Women's IPL Set To Take Place In March With 5 Teams, Maximum 5 Overseas Players In XI: Report","As per a BCCI note accessed by news agency PTI, the tournament will feature 20 league games with teams to play each other twice."
IIT Roorkee Holds Natural-Hazard Symposium For Indian Himalayas 2022,The objective of the IIT Roorkee symposium is to create a dialogue among various practitioners and researchers active in the Himalayan region.
"Infosys Sets $1.13 Billion Share Buyback, Reports 11% Rise In Q2 Profit","Indian software services giant Infosys Ltd reported an 11% jump in second-quarter profit on Thursday, helped by strong demand for its digital services."
Allahabad University PG Counselling 2022: Registration Window Opens Today; List Of Documents Required,Eligible candidates can complete the Allahabad University PG counselling process from today through the official website - ecounselling.in or allduniv.ac.in.
"ByteDance Plans Spotify Competitor, Music Streaming to Be Integrated Within TikTok: Report","ByteDance is reportedly planning to expand its music streaming service to global markets, as the Chinese firm looks to compete with Spotify and other streaming services. The company eventually plans to bring music streaming to its popular short video sharing service, TikTok. Resso, ByteDance's music-streaming service could be launched in 12 new markets. It is currently available in India, Indonesia and Brazil."
"Bigg Boss 16: Dalljiet Kaur To Allegedly Abusive Ex-Husband Shalin Bhanot - ""Not Your Best Friend""",Shalin Bhanot and Dalljiet Kaur got separated in 2015 and filed for divorce by mutual consent the next year
,
Samsung Neo QLED Smart TVs: Bring Home the Ultimate TV Viewing Experience This Diwali,‍‍‍‍‍
"Huawei P60 Launch Timeline Tipped, Leaked Renders Show Dual Selfie Shooters",Huawei P60 series is reportedly in the works as the next flagship smartphones from the Chinese company. The upcoming phones are tipped to launch in March next year. They could be powered by the Kirin 9100 SoC. The Huawei P60 is likely to get a 64-megapixel telephoto sensor.
"Realme 10 Pro+ Spotted on BIS, NBTC, More Certifications Sites, May Launch Soon: Report","Realme 10 Pro+ has been reportedly spotted on BIS, NBTC, EEC, and TKDN certification sites. This smartphone is said to have the model number RMX3686. Based on these listings, it is expected to soon launch globally."
,
"Five Delhi Government Schools Among Top 10 In Country, Manish Sisodia Praises Principal Training Programme","""It is a matter of great pride and a result of hard work by principals, teachers and students. All the principals of these schools were provided world-class training in leading institutes such as IIM Ahmedabad, Cambridge University among others,"" Manish Sisodia said"
"Donald Trump's Truth Social App Approved on Google Play Store, Months After App Store Debut","Donald Trump's Truth Social app, the social media app launched by the former US President after his account was permanently suspended on Twitter, has been approved for distribution in the Google Play store. The company had previously stated that the app, which launched in the US in Apple's App Store in February, had not previously been available in the Play Store due to insufficient content moderation."
"Tata Group, Singapore Airlines In Talks Over Vistara And Air India Integration",Singapore Airlines Ltd said on Thursday it was in confidential discussions with India's Tata Group regarding a potential deal which may involve the integration of Vistara and Air India.
B.Com Graduate Sells Idli Sambhar On Bike; Here's Why (Video Inside),"A B.Com graduate is selling idli sambhar on his bike, and the story behind his business is quite heart-warming."
"Dear Sonakshi Sinha, ""Watch And Learn"" How To Prank People From Zaheer Iqbal","""The stupid stuff we did while filming,"" wrote Zaheer Iqbal"
"Sensex, Nifty Fall Over 0.6% On Global Gloom, A Day After A Sharp Rally","Stock Market India: Equity benchmarks fell on Thursday, tracking a broader risk aversion sentiment."
"Karwa Chauth 2022: Inside Shilpa Shetty, Raveena Tandon's Daytime Festivities With Friends",Raveena Tandon shared pictures and videos from the festivities
"KL Rahul's 74 In Vain as Western Australia Stun India In Second Practice Match, Win By 32 Runs","Rahul played some powerful shots in the latter part of his innings, smashing 21 runs off the 17th over giving the team a glimmer of hope but was dismissed by Andrew Tye ending India's hope of winning the match."
5 Quick And Easy Cabbage Recipes For Weekday Dinner,Here we bring you 5 quick and easy cabbage recipes that are just perfect for a weekday dinner. Take a look below.
"Starfield Dialogue Amount Is Four Times That of Skyrim’s, Persuasion System Returns","Starfield’s dialogue amount is quadruple that of The Elder Scrolls V: Skyrim. Bethesda director Todd Howard filmed an in-house interview, addressing some fan questions, in regard to character builds and dialogues. Starfield draws inspiration from classic Bethesda games, to add a refined, choice-based dialogue system, where you spend points to persuade an NPC. It was further revealed that Starfield had closed 250,00 lines of dialogue, which is four times that of Skyrim — standing at 60,000. Starfield launches early 2023, across PC and Xbox Series S/X."
Vietnam's F1 Track Abandoned As Hopes Fade For Debut Grand Prix,"Fenced off to the public and dotted with plastic waste, Hanoi's motor race circuit lies largely abandoned while hopes fade that Vietnam's capital will ever host a Formula One grand prix"
Rupee Weakens Slightly To 82.39 As RBI Steps In To Limit Further Losses,The rupee weakened a touch on Thursday as the Reserve Bank of India stepped-in to limit further losses in the domestic currency.
,
OpenSea NFT Marketplace Launches Support for Avalanche NFTs on Its Platform,"OpenSea has added support for Avalanche, bringing the total number of supported blockchains on OpenSea to seven. Users can now display, list, and trade their Avalanche-based NFTs on OpenSea."
"CBSE Class 12 Exam 2023 From February 15; ""Datesheet Is Fake,"" Says Official","CBSE 10th, 12th Exams 2023: CBSE official termed the Class 12 datesheet as fake, saying, ""Class 10, 12 datesheets will be released soon, the exam schedule circulating over WhatsApp is fake."""
"NEET PG 2022 Counselling: Round 2 Registration, Choice Filling Ends Tomorrow",The NEET PG counselling round 2 registration link is available on the official website and candidates can register till tomorrow.
,
"Motorola Edge 30 Ultra, Edge 30 Fusion Receive 5G Support in India, More Smartphones to Follow",Motorola has rolled out the OTA updates enabling 5G support on Motorola Edge 30 Ultra and Edge 30 Fusion. The company has revealed the list of smartphones that will be receiving 5G support by the first week of November.
"GATE 2023 Last Date To Register With Late Fee Tomorrow; Papers, Syllabus, Other Details",GATE 2023 Application: Candidates can register for GATE 2023 and can apply online at gate.iitk.ac.in with the payment of a late fee.
"Bitcoin Holds Firm Around $19,000 in Anticipation of US CPI Figures","Crypto traded sideways again, and traders were sidelined, while the markets wait for key economic data to drop Thursday morning. Traditional financial markets experienced a similar story in trading on Wednesday."
Thank God (Diwali) Trailer: Ajay Devgn As Modern Day Chitragupt Is Sidharth Malhotra's Worst Nightmare,Ajay Devgn is here to teach a lesson to Sidharth Malhotra
"Hey Kapil Sharma Fans, Help Him Choose Instagram Display Pic From This Album","""Which picture should be my profile picture on insta,"" wrote Kapil"
"""Can't Be An Administrator Forever"": Sourav Ganguly All But Makes It Clear",BCCI president Sourav Ganguly has confirmed that he will 'move on to something else' after his term in the Indian board concludes.
Pooja Hegde Celebrates Her Birthday With Co-Star Salman Khan. See Pics,Pooja Hegde is currently shooting for Kisi Ka Bhai Kisi Ki Jaan
World Egg Day 2022: 7 Delicious Ways To Revamp The Classic Omelette,World Egg Day: October 14 is celebrated as World Egg Day. Here are some recipes to revamp the classic omelette and give it a new and unique twist.
FIFA Women's U-17 World Cup: India Look To Salvage Pride Against Morocco,"A crushing 0-8 defeat in the opening match denting their confidence severely, India would look to pick up the pieces and salvage some pride when they play Morocco in their second group match of the FIFA Women's U-17 World Cup on Friday"
"'Pathooty' Robot Designed by 17-Year-Old Kerala Student Serves Food, Delivers Newspapers: Details","Pathooty, a robot built by a 17-year-old in Kerala, is capable of delivering newspapers and serving food. The student, Mohammad Shiad, studies computer science in Kannur, Kerala. It was built as part of a study project in school, and is comprised of a plastic stool, aluminium sheet, female dummy, and a serving plate. Meanwhile, the mobile application was developed through an app from the Massachusetts Institute of Technology (MIT) along with an ATMega microcontroller."
"Watch: Arshdeep Singh's Warm Gesture Wins Hearts, Signs Bat For Fan In India Vs Western Australia Practice Match",Arshdeep Singh made a fan's day during the practice match between India and Western Australia on Thursday. The India pacer autographed a bat for the fan who had come to attend the match.
IIM Kozhikode Achieves 100 Per Cent Summer Internship Placements For Batch 2024,"The IIM Kozhikode placement season attracted offers from 122 recruiters for 541 students from three full-time PGP programmes, comprising 47 per cent women candidates and 45 per cent non-engineering candidates."
,
Watch: How To Make Sooji Sandwich For A Quick Meal - Recipe Video Inside,"This sooji sandwich is easy to make, healthy and makes for a perfect meal any time of the day."
Karwa Chauth 2022: Neetu Kapoor Sends Festive Greetings To Daughter-In-Law Alia Bhatt And Daughter Riddhima,Neetu Kapoor shared a throwback picture from Alia and Ranbir's wedding
Viral Video: Zomato Delivery Agent Breaks Into Garba Dance On Duty,Viral Video: A Zomato delivery executive was seen breaking into some 'garba' moves while on duty. Take a look at the heart-warming video.
,
"Punjab NEET UG Counselling 2022: Last Date To Register For MBBS, BDS Programmes Today",Punjab NEET Counselling 2022: NEET UG 2022 qualified candidates yet to register for admission to MBBS and BDS state quota seats of Punjab can apply online at the official website of BFUHS – bfuhs.ac.in.
KCET Counseling 2022: Round 1 Mock Allotment Result Out; Direct Link Here,KCET 2022 counselling round 1 mock seat allotment result is available on kea.kar.nic.in. To download the result candidates will need their PCET number.
Spice Up Your 2-Minute Noodles With These 7 Exciting Recipes,"If you are looking for easy ways to make your Maggi even more delicious, then we have found some exciting recipes for you to try."
Karwa Chauth Throwback: Sridevi And Other Stars In A Memory Shared By Sister-In-Law Maheep Kapoor,Maheep Kapoor shared throwback pictures from celebrations over the years
"Phone Bhoot Song Kinna Sona: Katrina Kaif, Ishaan Khatter And Siddhant Chaturvedi Show Killer Moves",The film will release in theaters on November 4
"Liam Livingstone, Will Jacks Earn Maiden Call-Up As England Announce Squad For Pakistan Tests",White-ball specialist Liam Livingstone has been given the chance to shine with the red ball for England's Test tour to Pakistan as opener Alex Lees was dropped from the 15-man squad announced
Mohammad Nawaz Steadies Ship As Pakistan Squeeze Past Bangladesh In T20I Series,"Litton Das, who brushed off an early leg strain to put in a gutsy performance, and captain Shakib Al Hasan both chalked up half centuries for Bangladesh to set Pakistan 174 to win in Christchurch."
"Rogan Josh, Dum Aloo And More: Anupam Kher's Kashmiri Feast Will Make You Slurp","Actor Anupam Kher enjoyed a hearty Kashmiri feast, and we couldn't help but feel an immediate urge for some."
"Karwa Chauth 2022: Shibani Dandekar Reveals Why She ""Didn't Fast"" For Husband Farhan Akhtar","After dating for more than five years, Shibani and Farhan Akhtar got married on February 19"
JEECUP Counseling 2022: Round 6 Seat Allotment Result Today; Document Verification From October 14,JEECUP 2022 counselling round 6 seat allotment result will be declared today on the official website- jeecup.admissions.nic.in.
"Maharashtra CAP 2022: MHT CET Round-1 Web-Option Entry Starts For BE, BTech Admission",Maharashtra CAP 2022: Candidates will have to enter their preferences in MHT CET web-option entry for BE and BTech courses and colleges prior to the MHT CET 2022 CAP rounds.
"Karwa Chauth 2022: Mouni Roy Shows Off Her Mehendi - ""Firsts Are Always Special""","""Happy Karwa Chauth beauties,"" wrote Mouni Roy"
,
Why Billionaire Gautam Adani-Led Group's Stock Prices Are Falling,Adani group stocks have witnessed a sell off. Whats behind this?
Wipro Shares Fall 6% After Reporting Lower Quarterly Profit,Shares of Wipro slumped more than 6 per cent on Thursday after the IT services major reported a decline in profit for the September quarter.
"Dark Chocolate Maggi Is The Latest Bizarre Recipe, Dare To Try It?","Viral Video: We all love maggi, but recently a bizarre dark chocolate maggi has left foodies confused."
,
Shilpa Shetty Shares Glimpse Of Her Sargi And Karwa Chauth Preparation - See Pic,Shilpa Shetty Kundra has shared a glimpse of her Karwa Chauth celebration. Take a look.
CA Directors Contemplate Lifting David Warner's Captaincy Ban,"CA also remained undecided whether to lift a ban on playing Afghanistan in bilateral matches before a three-match ODI series early next year, according to the report."
India To Have New Team After 2022 T20 World Cup? Ravi Shastri Makes Bold Claim,"Former India head coach Ravi Shastri is of the opinion that there will be an all-new Indian team after the T20 World Cup 2022. In comparison to the 2021 T20 World Cup, only a few changes have been made to the Indian roster this term."
Rakul Preet Singh Shares Her Diet Secrets And Here's What She Revealed,Rakul Preet Singh's foodie fans asked her questions about her food preferences and we got to know some eye-opening things about the actress!
Drishyam 2: Tabu Introduces Akshaye Khanna. See New Poster,"Tabu shared a poster, introducing Akshaye Khanna's character in the film"
Women's Asia Cup: India Thrash Thailand By 74 Runs To Enter Final,India beat Thailand by 74 runs in Sylhet to enter Women's Asia Cup final on Thursday
Karwa Chauth 2022: City-Wise Moonrise Timings In India; How To Break The Fast,"Hindu married women, especially in the northern part of India, are celebrating the festival today (on October 13, 2022). Find the moonrise timings below."
World Sight Day 2022: Genetic Predisposition To Glaucoma,"World Sight Day 2022: A lot of glaucoma cases are not diagnosed in time due to poor attention to family history. In general, an average individual has a 3.5% risk of developing glaucoma in their lifetime."
What Separates Virat Kohli From Rohit Sharma As Captain? Ex-Kiwi Star Answers,"Rohit Sharma has had a stupendous start as the captain of the Indian team since taking over the team's baton from Virat Kohli. The Hitman will be leading the Indian team in the T20 World Cup 2022, hoping to do what Virat couldn't in ICC events."
